{
    "mean": [
        0.4276949644255089,
        0.5899083300172283,
        0.5410830020624223
    ],
    "std": [
        0.23598995344401014,
        0.29731261597029124,
        0.2847698678227863
    ]
}